date,leg,regime,gex,direction,of_ratio,strike,entry_cost_pts,exit,pnl_pts,pnl_usd,r_multiple
20250501,H3_stack,long_gamma,19286446907.7238,down,-0.157419697371914,5615.0,7.3,prem_stop,-3.9,-392.0,-0.5342465753424658
20250502,H3_stack,long_gamma,27652737956.654205,up,0.17332513829133375,5690.0,9.9,target,1.0,98.0,0.10101010101010101
20250506,H3_stack,long_gamma,11342852450.560587,up,0.15691964285714285,5625.0,8.2,prem_stop,-4.299999999999999,-431.9999999999999,-0.5243902439024389
20250508,H3_stack,long_gamma,2923954432.3184476,down,-0.16606660666066606,5605.0,8.2,prem_stop,-4.299999999999999,-431.9999999999999,-0.5243902439024389
20250509,H3_stack,long_gamma,15250469677.102745,down,-0.16843833722236626,5630.0,3.8,prem_stop,-1.9,-192.0,-0.5
20250513,H3_stack,long_gamma,25345785762.23533,down,-0.17059066501445683,5870.0,4.2,prem_stop,-2.1500000000000004,-217.00000000000003,-0.511904761904762
20250514,H3_stack,long_gamma,22753877972.685356,down,-0.15863882952490546,5870.0,7.3,prem_stop,-3.9,-392.0,-0.5342465753424658
20250515,H3_stack,long_gamma,16262105348.319754,down,-0.1617880644429317,5900.0,6.6,prem_stop,-3.3,-332.0,-0.5
20250516,H3_stack,long_gamma,15302179792.900982,up,0.1621525724423418,5955.0,4.3,time_stop,-0.6999999999999997,-71.99999999999997,-0.16279069767441856
20250521,H3_stack,short_gamma,-1219321889.9068093,up,0.1683057038493959,5945.0,4.5,prem_stop,-2.3,-231.99999999999997,-0.5111111111111111
20250522,H3_stack,short_gamma,-29653125378.88073,up,0.21791801662205945,5870.0,5.6,prem_stop,-2.8999999999999995,-291.99999999999994,-0.5178571428571428
20250523,H3_stack,short_gamma,-24352129877.652718,up,0.15537941485021564,5830.0,6.7,prem_stop,-3.5,-352.0,-0.5223880597014925
20250527,H3_stack,short_gamma,-32123949932.733353,up,0.15154716981132074,5890.0,14.6,time_stop,10.500000000000002,1048.0000000000002,0.7191780821917809
20250528,H3_stack,long_gamma,10140100130.638802,up,0.1935892028679882,5920.0,4.7,prem_stop,-2.6500000000000004,-267.00000000000006,-0.5638297872340426
20250529,H3_stack,long_gamma,819037868.4494905,up,0.15906114636848998,5930.0,4.6,target,-0.5999999999999996,-61.999999999999964,-0.1304347826086956
20250530,H3_stack,long_gamma,5102468631.182774,up,0.1608863198458574,5895.0,4.5,target,17.5,1748.0,3.888888888888889
20250603,H3_stack,long_gamma,10252288078.267252,up,0.15513188822146776,5975.0,5.4,target,0.39999999999999947,37.99999999999994,0.07407407407407397
20250604,H3_stack,long_gamma,36237864315.09227,up,0.18157642803957025,5985.0,2.15,target,-0.3999999999999999,-41.99999999999999,-0.18604651162790695
20250605,H3_stack,long_gamma,17905453469.432552,up,0.1558127483157713,6005.0,4.5,target,0.40000000000000036,38.000000000000036,0.08888888888888896
20250606,H3_stack,short_gamma,-9809552180.100792,up,0.1677688827010094,6005.0,7.5,prem_stop,-4.4,-442.00000000000006,-0.5866666666666667
20250610,H3_stack,long_gamma,11506252746.833748,up,0.1567373674360574,6040.0,3.2,prem_stop,-1.6500000000000001,-167.0,-0.515625
20250612,H3_stack,long_gamma,19804713847.78084,down,-0.20220841959972394,6035.0,1.95,time_stop,0.15000000000000013,13.000000000000014,0.076923076923077
20250613,H3_stack,long_gamma,42639057036.98806,up,0.15218873585162962,6010.0,6.3,prem_stop,-3.1999999999999997,-322.0,-0.5079365079365079
20250617,H3_stack,long_gamma,25886921276.721867,up,0.21135225375626043,6025.0,6.6,prem_stop,-3.3999999999999995,-341.99999999999994,-0.5151515151515151
20250618,H3_stack,short_gamma,-63314497753.97732,up,0.1502868068833652,6020.0,7.7,prem_stop,-4.0,-402.0,-0.5194805194805194
20250624,H3_stack,long_gamma,26555274996.765648,up,0.1691053010314224,6100.0,2.05,target,0.0,-2.0,0.0
20250625,H3_stack,long_gamma,64780371681.15051,up,0.15503724029792237,6115.0,3.4,target,0.0,-2.0,0.0
20250626,H3_stack,long_gamma,37209237080.56326,down,-0.16483516483516483,6125.0,3.3,prem_stop,-1.65,-167.0,-0.5
20250627,H3_stack,long_gamma,52194522302.26695,down,-0.15592926919747743,6160.0,4.1,prem_stop,-2.05,-206.99999999999997,-0.5
20250701,H3_stack,long_gamma,108736648381.77533,up,0.153104512148091,6215.0,3.1,target,1.1999999999999997,117.99999999999997,0.38709677419354827
20250702,H3_stack,long_gamma,29293120461.309162,up,0.16302892730341656,6220.0,2.4,target,0.8000000000000003,78.00000000000003,0.3333333333333335
20250703,H3_stack,long_gamma,33371189005.194916,down,-0.19119519738038931,6275.0,1.75,prem_stop,-1.0,-102.0,-0.5714285714285714
20250708,H3_stack,long_gamma,20042456984.288395,up,0.1865493486119637,6245.0,3.0,target,0.5,48.0,0.16666666666666666
20250709,H3_stack,short_gamma,-7582144347.306601,up,0.16036917251715704,6255.0,4.2,prem_stop,-2.1,-212.0,-0.5
20250710,H3_stack,long_gamma,30342516571.56695,up,0.1730112890522447,6290.0,2.4,target,0.0,-2.0,0.0
20250711,H3_stack,long_gamma,30385909154.357243,down,-0.17013565289427357,6250.0,3.8,target,0.40000000000000036,38.000000000000036,0.10526315789473695
20250715,H3_stack,long_gamma,28982698438.39315,down,-0.15025146689019278,6255.0,4.6,prem_stop,-2.4499999999999997,-246.99999999999997,-0.532608695652174
20250716,H3_stack,long_gamma,4241564617.857605,up,0.1588246233959457,6265.0,2.8,prem_stop,-1.4499999999999997,-146.99999999999997,-0.5178571428571428
20250717,H3_stack,long_gamma,7886723763.174651,up,0.1561525545694411,6300.0,2.15,prem_stop,-1.0999999999999999,-111.99999999999999,-0.5116279069767441
20250718,H3_stack,long_gamma,55382707673.35511,up,0.15466020655361468,6305.0,4.9,prem_stop,-2.6500000000000004,-267.00000000000006,-0.5408163265306123
20250722,H3_stack,long_gamma,35697432672.56679,up,0.15524475524475526,6300.0,5.3,target,4.6000000000000005,458.00000000000006,0.8679245283018869
20250723,H3_stack,long_gamma,32240563928.931454,down,-0.1654861558274308,6330.0,2.5,prem_stop,-1.3,-132.0,-0.52
20250724,H3_stack,long_gamma,73734634044.45221,down,-0.15703618609994255,6365.0,3.1,prem_stop,-1.55,-157.0,-0.5
20250725,H3_stack,long_gamma,57565360172.81259,up,0.21693661522764954,6385.0,3.8,time_stop,5.3999999999999995,538.0,1.4210526315789473
20250729,H3_stack,long_gamma,136766705142.99936,up,0.1686,6390.0,2.25,prem_stop,-1.15,-116.99999999999999,-0.5111111111111111
20250730,H3_stack,short_gamma,-13106395417.948215,up,0.19923777260215964,6400.0,5.8,prem_stop,-2.9,-292.0,-0.5
20250731,H3_stack,short_gamma,-25242492441.159313,down,-0.15258698692111541,6350.0,3.9,target,1.8000000000000003,178.00000000000003,0.4615384615384616
20250805,H3_stack,long_gamma,65728454669.638245,up,0.19303615840826477,6320.0,3.0,prem_stop,-1.55,-157.0,-0.5166666666666667
20250806,H3_stack,long_gamma,2357757526.547599,up,0.15014844292843155,6345.0,3.1,target,0.7999999999999998,77.99999999999999,0.2580645161290322
20250807,H3_stack,long_gamma,113335171717.58603,down,-0.16733369388858843,6310.0,3.4,prem_stop,-1.8499999999999999,-187.0,-0.5441176470588235
20250812,H3_stack,long_gamma,19625568731.080345,up,0.2058915050305985,6435.0,4.6,target,0.40000000000000036,38.000000000000036,0.08695652173913052
20250814,H3_stack,long_gamma,64005331927.11966,up,0.16626161543959972,6470.0,3.0,prem_stop,-1.55,-157.0,-0.5166666666666667
20250815,H3_stack,long_gamma,64812791891.13649,up,0.16102155406629234,6465.0,1.7,prem_stop,-0.85,-87.0,-0.5
20250819,H3_stack,long_gamma,85509785136.38809,up,0.16304347826086957,6420.0,2.5,prem_stop,-1.45,-147.0,-0.58
20250821,H3_stack,short_gamma,-32487121213.812473,down,-0.16665770946418015,6360.0,5.8,target,1.4000000000000004,138.00000000000003,0.24137931034482765
20250822,H3_stack,short_gamma,-20289054081.47322,down,-0.1683997905289145,6450.0,4.2,prem_stop,-2.2,-222.00000000000003,-0.5238095238095238
20250826,H3_stack,short_gamma,-11787019914.804958,up,0.15655296229802512,6450.0,3.2,prem_stop,-1.6,-162.0,-0.5
20250827,H3_stack,long_gamma,11343897033.949245,up,0.15655853314527504,6485.0,2.35,prem_stop,-1.2000000000000002,-122.00000000000001,-0.5106382978723405
20250828,H3_stack,long_gamma,63920245541.28196,up,0.2087848576795261,6500.0,2.2,target,0.8999999999999999,87.99999999999999,0.409090909090909
20250829,H3_stack,long_gamma,60409224780.03666,up,0.15161502966381016,6470.0,4.8,prem_stop,-2.4499999999999997,-246.99999999999997,-0.5104166666666666
20250902,H3_stack,short_gamma,-8319542770.809695,up,0.16408726459071415,6375.0,9.1,time_stop,18.799999999999997,1877.9999999999998,2.0659340659340657
20250903,H3_stack,short_gamma,-32642340930.41951,up,0.16156655333081477,6450.0,4.1,prem_stop,-2.05,-206.99999999999997,-0.5
20250904,H3_stack,long_gamma,69293318882.70644,up,0.22661030147958616,6465.0,3.9,target,1.1999999999999997,117.99999999999997,0.30769230769230765
20250909,H3_stack,long_gamma,41459404321.038895,up,0.18774101887558353,6510.0,3.3,target,0.20000000000000018,18.000000000000018,0.06060606060606066
20250910,H3_stack,long_gamma,51739242139.4825,down,-0.17571676802780192,6535.0,4.0,time_stop,12.899999999999999,1287.9999999999998,3.2249999999999996
20250911,H3_stack,long_gamma,72582872812.14839,down,-0.15445628997867805,6570.0,4.2,prem_stop,-2.1500000000000004,-217.00000000000003,-0.511904761904762
20250912,H3_stack,long_gamma,68279972718.18933,down,-0.17557845615399573,6585.0,2.05,prem_stop,-1.0999999999999999,-111.99999999999999,-0.5365853658536586
20250916,H3_stack,long_gamma,116038073166.23206,down,-0.17076244486452427,6595.0,4.6,prem_stop,-2.3,-231.99999999999997,-0.5
20250917,H3_stack,long_gamma,20523536814.26217,up,0.1967654986522911,6630.0,9.9,target,2.799999999999999,277.9999999999999,0.2828282828282827
20250918,H3_stack,short_gamma,-49488375977.66311,up,0.16402439024390245,6640.0,7.2,target,11.100000000000001,1108.0000000000002,1.5416666666666667
20250923,H3_stack,long_gamma,65093420747.74219,up,0.19558267945364718,6695.0,2.1,prem_stop,-1.1,-112.00000000000001,-0.5238095238095238
20250924,H3_stack,long_gamma,735125769.1747127,up,0.17419354838709677,6645.0,4.4,prem_stop,-2.3000000000000003,-232.00000000000003,-0.5227272727272727
20250925,H3_stack,short_gamma,-24426722501.09815,up,0.16740499653437002,6620.0,6.6,prem_stop,-3.3999999999999995,-341.99999999999994,-0.5151515151515151
20250926,H3_stack,short_gamma,-38741498349.0645,down,-0.162745267028642,6605.0,4.6,target,9.3,928.0000000000001,2.0217391304347827
20250930,H3_stack,long_gamma,11209272312.362272,up,0.1917104495037945,6670.0,4.5,prem_stop,-2.35,-237.0,-0.5222222222222223
20251001,H3_stack,long_gamma,36812071171.95828,up,0.15555555555555556,6710.0,1.35,target,0.09999999999999987,7.999999999999986,0.07407407407407397
20251002,H3_stack,long_gamma,41078599586.09338,up,0.15925680159256803,6720.0,2.55,target,-0.34999999999999964,-36.999999999999964,-0.1372549019607842
20251003,H3_stack,long_gamma,51375452092.767,down,-0.1703534777651083,6730.0,1.5,time_stop,8.5,848.0,5.666666666666667
20251007,H3_stack,long_gamma,40720013737.14138,up,0.15679502676567086,6715.0,2.4,time_stop,-0.2999999999999998,-31.999999999999982,-0.12499999999999993
20251008,H3_stack,short_gamma,-6333704906.597103,down,-0.15731814198071867,6725.0,3.8,prem_stop,-2.25,-227.0,-0.5921052631578948
20251009,H3_stack,long_gamma,59612244282.08896,up,0.15010570824524314,6735.0,1.1,time_stop,0.5499999999999998,52.999999999999986,0.4999999999999998
20251010,H3_stack,long_gamma,33060891051.907764,up,0.15633661614672406,6760.0,4.4,target,0.8999999999999995,87.99999999999994,0.20454545454545442
20251014,H3_stack,short_gamma,-15594819791.068197,up,0.19151096669374493,6685.0,5.0,target,1.0,98.0,0.2
20251015,H3_stack,short_gamma,-7031839150.185799,down,-0.18832161418526444,6660.0,1.4,time_stop,0.15000000000000013,13.000000000000014,0.10714285714285725
20251021,H3_stack,long_gamma,52208849285.21833,down,-0.17029023197753043,6740.0,3.9,prem_stop,-2.0,-202.0,-0.5128205128205129
20251023,H3_stack,short_gamma,-56564981492.489975,up,0.16196517748684033,6735.0,6.7,prem_stop,-3.5,-352.0,-0.5223880597014925
20251024,H3_stack,long_gamma,41941134852.56891,up,0.15541113308844307,6805.0,4.5,target,0.7999999999999998,77.99999999999999,0.17777777777777773
20251028,H3_stack,long_gamma,575736407328.8783,up,0.1736053288925895,6890.0,3.2,target,0.19999999999999973,17.99999999999997,0.06249999999999992
20251029,H3_stack,long_gamma,154727637131.4804,up,0.17573423206547906,6925.0,8.1,target,0.40000000000000036,38.000000000000036,0.04938271604938276
20251030,H3_stack,long_gamma,44525355376.21565,up,0.1561313964140819,6875.0,12.5,prem_stop,-6.6,-662.0,-0.528
20251104,H3_stack,short_gamma,-11814483067.332586,down,-0.15731948903613635,6770.0,5.9,target,0.0,-2.0,0.0
20251105,H3_stack,short_gamma,-25968391916.81736,up,0.15540375701390582,6805.0,8.8,time_stop,5.6,558.0,0.6363636363636362
20251106,H3_stack,short_gamma,-6848100785.751676,up,0.17484206614641398,6745.0,4.9,time_stop,0.5,48.0,0.1020408163265306
20251111,H3_stack,long_gamma,42270921375.385185,up,0.1525714662969565,6855.0,4.2,target,0.5999999999999996,57.999999999999964,0.14285714285714277
20251112,H3_stack,long_gamma,30506832872.0943,down,-0.15883507177527625,6830.0,4.1,target,0.40000000000000036,38.000000000000036,0.0975609756097562
20251114,H3_stack,short_gamma,-32001011046.813686,down,-0.1542946996003407,6710.0,3.9,target,0.5000000000000004,48.00000000000004,0.12820512820512833
20251120,H3_stack,short_gamma,-22380074405.85961,down,-0.15363600884610382,6720.0,8.1,target,58.300000000000004,5828.0,7.197530864197532
20251125,H3_stack,long_gamma,24681836101.50003,down,-0.15367214598099835,6735.0,2.9,prem_stop,-1.75,-177.0,-0.603448275862069
20251126,H3_stack,long_gamma,42495337524.82474,down,-0.16980480221109,6815.0,4.3,prem_stop,-2.1999999999999997,-221.99999999999997,-0.5116279069767441
20251128,H3_stack,long_gamma,84655443528.92354,up,0.15987460815047022,6840.0,7.4,target,-0.10000000000000053,-12.000000000000053,-0.013513513513513585
20251203,H3_stack,long_gamma,50954092756.402954,down,-0.1656961355214399,6820.0,4.2,prem_stop,-2.1500000000000004,-217.00000000000003,-0.511904761904762
20251204,H3_stack,long_gamma,49622980806.01646,up,0.153518821603928,6860.0,6.0,target,0.5999999999999996,57.999999999999964,0.09999999999999994
20251205,H3_stack,long_gamma,38833186204.67507,down,-0.1554696039687211,6870.0,5.9,prem_stop,-2.95,-297.0,-0.5
20251209,H3_stack,long_gamma,1568943056.2571259,down,-0.2030178326474623,6845.0,2.35,target,1.65,163.0,0.702127659574468
20251210,H3_stack,short_gamma,-15582995031.77027,up,0.15864500306560392,6865.0,9.0,time_stop,19.1,1908.0000000000002,2.1222222222222222
20251211,H3_stack,long_gamma,46554432510.28532,down,-0.15580676122427214,6835.0,5.0,prem_stop,-2.5,-252.0,-0.5
20251216,H3_stack,short_gamma,-11129144082.045824,up,0.16629570747217806,6805.0,7.9,prem_stop,-4.2,-422.0,-0.5316455696202531
20251217,H3_stack,short_gamma,-22470307595.094078,down,-0.15099009900990099,6765.0,7.3,target,1.8999999999999995,187.99999999999994,0.26027397260273966
20251218,H3_stack,short_gamma,-39060056303.45834,down,-0.15392254220456802,6785.0,5.5,prem_stop,-2.8,-282.0,-0.509090909090909
20251223,H3_stack,long_gamma,77166780711.85487,up,0.15938864628820962,6900.0,2.4,target,0.1499999999999999,12.999999999999991,0.062499999999999965
20251224,H3_stack,long_gamma,239087754584.56467,up,0.18735632183908046,6930.0,0.75,target,-0.050000000000000044,-7.000000000000004,-0.06666666666666672
20251230,H3_stack,long_gamma,8519054111.855425,up,0.17358782563838018,6920.0,2.3,prem_stop,-1.2999999999999998,-131.99999999999997,-0.5652173913043478
20251231,H3_stack,short_gamma,-12417964141.352718,down,-0.1642607506457985,6860.0,3.7,target,0.0,-2.0,0.0
